"lon","lat"
14.3,44.497083
14.2974100647896,44.5
14.3051738332687,44.5
14.3,44.497083
NA,NA
14.559139,44.494556
14.5523775654351,44.5
14.5534344559194,44.5
14.559139,44.494556
NA,NA
15.078333,44.474611
15.0215222671179,44.5
15.0579945297996,44.5
15.078333,44.474611
NA,NA
14.534111,44.47875
14.514972,44.474528
14.4791297675326,44.5
14.5230772612789,44.5
14.534111,44.47875
NA,NA
14.871639,44.465389
14.844528,44.484944
14.844528,44.486667
14.871639,44.465389
NA,NA
14.564583,44.460861
14.538722,44.469139
14.538722,44.470806
14.564583,44.460861
NA,NA
14.579583,44.439972
14.539167,44.442917
14.527083,44.456639
14.528278,44.457917
14.565,44.457944
14.579583,44.439972
NA,NA
8.856222,44.408306
8.822056,44.415806
8.822056,44.416667
8.856222,44.408306
NA,NA
14.903278,44.452889
14.968361,44.401194
14.880361,44.453333
14.880444,44.454972
14.903278,44.452889
NA,NA
8.931194,44.393278
8.87625,44.404167
8.87625,44.405028
8.931194,44.393278
NA,NA
14.868278,44.370417
14.846222,44.388333
14.846222,44.389944
14.868278,44.370417
NA,NA
14.72825,44.347889
14.697444,44.357056
14.659583,44.401667
14.661639,44.403722
14.694944,44.409528
14.72825,44.347889
NA,NA
14.811194,44.399139
14.792889,44.384139
14.817917,44.341639
14.742889,44.369972
14.744167,44.37125
14.777056,44.38
14.758722,44.415806
14.788306,44.422083
14.811194,44.399139
NA,NA
15.094972,44.405417
15.051222,44.444139
15.041611,44.478722
15.245806,44.351222
15.253333,44.32375
15.167028,44.364972
15.235389,44.319972
15.210389,44.319972
15.221639,44.302917
15.135806,44.332889
15.174139,44.289556
15.112444,44.317083
15.086222,44.359972
15.111611,44.382083
15.079111,44.397944
15.065861,44.387083
15.037472,44.392861
14.991639,44.447889
14.907472,44.482056
14.9107923067176,44.5
14.9753599036169,44.5
15.094972,44.405417
NA,NA
14.669167,44.302056
14.582056,44.350806
14.582917,44.351667
14.594111,44.357889
14.669167,44.302056
NA,NA
15.205444,44.293333
15.190417,44.296667
15.190417,44.299139
15.205444,44.293333
NA,NA
15.070806,44.321222
15.137917,44.283306
15.117472,44.280417
15.094972,44.29875
15.044972,44.28625
15.01625,44.319139
15.01625,44.321639
15.070806,44.321222
NA,NA
14.7995,44.270778
14.763306,44.272889
14.7625,44.255389
14.73375,44.279111
14.73375,44.280833
14.758333,44.278778
14.755,44.295389
14.7995,44.270778
NA,NA
14.727083,44.275833
14.711611,44.281222
14.71,44.270417
14.683722,44.289111
14.683722,44.289972
14.709972,44.292083
14.727083,44.275833
NA,NA
14.779556,44.221639
14.762861,44.224111
14.762917,44.225833
14.779556,44.221639
NA,NA
14.836583,44.238722
14.911222,44.2125
14.890833,44.197917
14.813306,44.235361
14.840444,44.200028
14.825806,44.20125
14.784528,44.256639
14.784528,44.2575
14.801667,44.267083
14.836583,44.238722
NA,NA
14.939167,44.169583
14.902917,44.189167
14.902917,44.190833
14.939167,44.169583
NA,NA
14.948694,44.145806
14.887056,44.173333
14.887056,44.174167
14.948694,44.145806
NA,NA
15.056611,44.140389
15.017083,44.167444
15.018278,44.168722
15.056611,44.140389
NA,NA
14.945806,44.119556
14.955833,44.097889
15.01,44.08375
15.002056,44.073306
15.056639,44.003694
15.1175,43.982083
15.129972,43.95875
15.226222,43.901639
15.202472,43.88875
15.130444,43.920833
15.199972,43.878694
15.200806,43.864583
15.119194,43.912889
15.036194,43.999167
15.036194,44
14.990806,44.055361
14.888333,44.127056
14.825833,44.142889
14.8225,44.162889
14.855861,44.13625
14.842472,44.152917
14.8775,44.140389
14.856611,44.177917
14.945806,44.119556
NA,NA
15.7,43.764194242909
15.694944,43.764583
15.615389,43.8225
15.680833,43.79875
15.681667,43.81625
15.589111,43.847917
15.575778,43.866222
15.56,43.859556
15.523361,43.899583
15.454972,43.922917
15.347444,44.026222
15.298333,44.042889
15.304972,44.05625
15.285,44.057917
15.262417,44.095417
15.200361,44.132472
15.207472,44.149611
15.142861,44.194111
15.167056,44.228278
15.109556,44.260806
15.129167,44.280417
15.179972,44.243694
15.212944,44.256667
15.188694,44.2825
15.212472,44.282056
15.209972,44.293722
15.297472,44.249556
15.279556,44.282472
15.303722,44.289972
15.259528,44.319972
15.276639,44.333722
15.398306,44.259556
15.516667,44.247917
15.532472,44.21875
15.470028,44.203694
15.520806,44.177944
15.567472,44.190389
15.602028,44.165806
15.602861,44.138306
15.627083,44.138278
15.58575,44.20625
15.528607,44.228979
15.518722,44.248306
15.535861,44.259556
15.477444,44.267889
15.405,44.317028
15.2825,44.36125
15.1108778870968,44.5
15.7,44.5
15.7,43.764194242909
NA,NA
14.997472,44.162917
15,44.162889
15.035417,44.139139
15.029917,44.124583
14.970389,44.158333
14.940806,44.203722
14.997472,44.162917
NA,NA
9.857083,44.0675
9.859167,44.070417
9.881167,44.078306
9.857083,44.0675
NA,NA
9.846667,44.032889
9.832889,44.044139
9.832889,44.045778
9.854528,44.050833
9.846667,44.032889
NA,NA
15.185,44.094583
15.259167,44.020389
15.239944,44.01125
15.212444,44.04875
15.217444,44.033694
15.198333,44.049556
15.204556,44.035778
15.188306,44.037861
15.113306,44.107889
15.063278,44.132056
15.05875,44.153333
15.05875,44.154972
15.185,44.094583
NA,NA
15.085,44.007056
15.04875,44.041611
15.049528,44.042472
15.085,44.007056
NA,NA
15.154111,44.023722
15.163722,43.999167
15.164583,43.998306
15.075778,44.052917
15.069944,44.084583
15.154111,44.023722
NA,NA
15.145,43.958722
15.132917,43.965028
15.132917,43.967472
15.145,43.958722
NA,NA
15.412083,43.951667
15.39375,43.956639
15.39375,43.9575
15.412083,43.951667
NA,NA
15.280389,43.937472
15.267917,43.939111
15.267917,43.939972
15.280389,43.937472
NA,NA
15.274556,43.92
15.257083,43.925028
15.257083,43.925833
15.274556,43.92
NA,NA
15.225806,43.919583
15.192917,43.944194
15.192917,43.944972
15.225806,43.919583
NA,NA
15.31875,43.916639
15.284556,43.931639
15.285389,43.936667
15.31875,43.916639
NA,NA
15.349139,43.89625
15.336222,43.904972
15.33625,43.906639
15.349139,43.89625
NA,NA
15.256639,43.892889
15.246222,43.9
15.246222,43.900861
15.256639,43.892889
NA,NA
15.372472,43.970389
15.4525,43.887083
15.360778,43.910389
15.361278,43.925833
15.263333,43.999556
15.262861,44
15.251222,44.015
15.264167,44.022056
15.372472,43.970389
NA,NA
15.410417,43.884139
15.393694,43.890833
15.393722,43.8925
15.410417,43.884139
NA,NA
15.432917,43.880806
15.417056,43.882528
15.417056,43.884972
15.432917,43.880806
NA,NA
15.20875,43.875833
15.20875,43.8775
15.228778,43.883278
15.20875,43.875833
NA,NA
15.447861,43.86
15.428722,43.8675
15.42875,43.869972
15.447861,43.86
NA,NA
15.552083,43.850806
15.532917,43.861639
15.532833,43.863333
15.552083,43.850806
NA,NA
15.566222,43.850833
15.55375,43.850778
15.553778,43.854167
15.566222,43.850833
NA,NA
15.519583,43.848306
15.48625,43.855833
15.486278,43.86
15.503306,43.864556
15.519583,43.848306
NA,NA
15.234167,43.846222
15.221222,43.856667
15.22125,43.8575
15.234167,43.846222
NA,NA
15.560389,43.842472
15.560389,43.843306
15.574528,43.844167
15.560389,43.842472
NA,NA
15.526278,43.825806
15.50625,43.830028
15.50625,43.831611
15.526278,43.825806
NA,NA
15.6675,43.763722
15.621694,43.775417
15.564583,43.826667
15.564528,43.828333
15.590833,43.822056
15.597444,43.835417
15.6675,43.763722
NA,NA
15.264528,43.819972
15.230389,43.831667
15.230389,43.8325
15.264528,43.819972
NA,NA
15.315806,43.872056
15.318333,43.885417
15.372861,43.819944
15.252861,43.8825
15.252889,43.884944
15.271667,43.893778
15.315806,43.872056
NA,NA
15.260389,43.809111
15.247056,43.812528
15.248306,43.813722
15.260389,43.809111
NA,NA
15.278722,43.797528
15.261194,43.800833
15.261194,43.8025
15.278722,43.797528
NA,NA
12.289556,44.4675
12.395778,44.205417
12.407944,44.209167
12.560833,44.072917
12.580833,44.082111
12.638306,44.022944
12.719972,43.972
12.798333,43.967889
12.9075,43.927
13.284111,43.684556
13.451667,43.614583
13.487472,43.611222
13.509167,43.63125
13.574111,43.571222
13.626694,43.552083
13.623694,43.503333
13.84375,43.105806
13.872083,42.988333
13.980389,42.739972
13.966278,42.725833
13.983333,42.735444
14.028722,42.652472
14.040361,42.656639
14.147083,42.535
14.135778,42.53125
14.153722,42.530806
14.142472,42.521222
14.155833,42.528694
14.220028,42.465389
14.394139,42.374556
14.439944,42.315361
14.542889,42.24
14.530778,42.22375
14.545833,42.237889
14.650028,42.185417
14.716639,42.177056
14.717889,42.105
14.796667,42.066222
14.788278,42.045389
14.803333,42.064528
14.892528,42.024556
15,42.007083
15.071639,41.94625
15.140778,41.927083
15.474583,41.904111
15.33,41.892889
15.312111,41.883333
15.344139,41.862028
15.394972,41.87875
15.485861,41.874556
15.574528,41.908306
15.511639,41.911222
15.621611,41.931222
15.667944,41.922472
15.695833,41.86125
15.7,41.8602378433459
15.7,39.9895633768381
15.679556,40.005778
15.676667,40.030417
15.630806,40.052056
15.626667,40.072917
15.574139,40.078722
15.506639,40.063722
15.420778,39.991278
15.355,39.999556
15.314972,40.032083
15.268278,40.024583
15.285444,40.037472
15.27375,40.070778
15.203306,40.122889
15.178333,40.125389
15.139167,40.171278
15.039139,40.169556
14.991667,40.217889
14.905361,40.245806
14.943694,40.282472
14.94375,40.336639
14.99875,40.364167
14.997028,40.395
14.892917,40.5675
14.792444,40.66375
14.742472,40.676222
14.692472,40.633722
14.6275,40.649611
14.573361,40.611194
14.529111,40.606222
14.480778,40.626222
14.322472,40.569556
14.338306,40.62875
14.399111,40.639556
14.402472,40.657917
14.477889,40.697472
14.456222,40.744972
14.393278,40.760389
14.274944,40.84375
14.220833,40.827083
14.187472,40.790417
14.1595,40.7925
14.173722,40.800833
14.161639,40.815389
14.090806,40.830417
14.073694,40.818333
14.090417,40.791639
14.069556,40.7925
14.091222,40.777444
14.045,40.78875
14.044583,40.865
14.007056,40.942472
13.959167,40.99625
13.917111,41.017472
13.931222,41.028306
13.916222,41.021639
13.902111,41.075861
13.829611,41.165806
13.725833,41.242889
13.6175,41.259528
13.571194,41.238333
13.572833,41.215
13.591222,41.209111
13.574139,41.20125
13.355778,41.286222
13.274167,41.295389
13.258361,41.280389
13.159111,41.269583
13.089139,41.222056
13.043306,41.225417
12.998694,41.309139
12.919972,41.379528
12.837444,41.413694
12.781611,41.417889
12.763306,41.407028
12.664917,41.456194
12.620778,41.442861
12.52875,41.556639
12.396611,41.668667
12.234056,41.737028
12.244056,41.744528
12.220778,41.742028
12.203278,41.828694
12.214556,41.820806
12.132472,41.921194
12.047472,41.9545
12.021583,41.983667
11.913333,42.038722
11.834139,42.029556
11.745389,42.1375
11.697861,42.232472
11.624972,42.302083
11.374972,42.40625
11.230833,42.41875
11.208694,42.410833
11.212917,42.39
11.187472,42.363778
11.150806,42.362917
11.093333,42.394583
11.083722,42.4325
11.103278,42.449583
11.160806,42.438722
11.195444,42.508306
11.156667,42.562889
11.120806,42.559556
11.082472,42.632028
11.003306,42.657917
10.989528,42.704167
10.9475,42.74125
10.786639,42.774583
10.728694,42.804111
10.759167,42.812917
10.771222,42.835833
10.766194,42.871667
10.783694,42.893333
10.762444,42.917861
10.635778,42.955417
10.550778,42.949583
10.544111,42.922889
10.493889,42.934139
10.481222,42.986639
10.52375,43
10.546194,43.114972
10.533694,43.251694
10.492056,43.308333
10.510417,43.319972
10.489972,43.309556
10.474111,43.32125
10.431222,43.405806
10.410806,43.407944
10.384139,43.455444
10.336194,43.481667
10.30125,43.558306
10.32375,43.58
10.307472,43.569556
10.278722,43.678333
10.30625,43.687444
10.284556,43.689194
10.282889,43.740833
10.302889,43.7425
10.282861,43.743278
10.275389,43.788306
10.291194,43.782472
10.244528,43.883333
10.179972,43.961194
10.070833,44.027889
9.989139,44.047056
9.975833,44.066222
9.985389,44.044167
9.961639,44.036194
9.848306,44.109583
9.827028,44.101694
9.834944,44.089556
9.817889,44.095806
9.851194,44.0675
9.830778,44.047861
9.673278,44.138722
9.646611,44.144583
9.633306,44.13375
9.603278,44.172028
9.567472,44.181194
9.492472,44.23625
9.441667,44.237083
9.421611,44.257917
9.402472,44.25125
9.376611,44.289583
9.233361,44.347083
9.215,44.29875
9.151611,44.316222
9.152083,44.346639
9.119139,44.366222
8.930806,44.396194
8.925833,44.412889
8.916694,44.399556
8.831694,44.425361
8.747528,44.427111
8.499167,44.323722
8.444583,44.278306
8.457944,44.260806
8.417917,44.2225
8.427861,44.195833
8.273333,44.141222
8.23125,44.088278
8.227917,44.044139
8.170444,44.000806
8.182028,43.962472
8.1,43.922861
8.083361,43.898722
8.045028,43.893722
8.039167,43.907917
8.024944,43.877889
7.96575,43.853722
7.847417,43.832111
7.83325,43.817111
7.785778,43.822111
7.740694,43.796222
7.69825,43.798778
7.675722,43.77875
7.576556,43.794583
7.51075,43.78375
7.486583,43.750444
7.454917,43.761278
7.406556,43.722083
7.352389,43.722111
7.330361,43.704167
7.348667,43.689167
7.32825,43.677889
7.313278,43.708722
7.304083,43.68875
7.284083,43.69875
7.236611,43.689556
7.202417,43.655417
7.187417,43.687944
7.197889,43.659167
7.155778,43.655417
7.127028,43.612528
7.137361,43.547917
7.119889,43.543722
7.113194,43.567056
7.08575,43.572028
7.037444,43.53875
7.019944,43.552056
6.963278,43.545417
6.936222,43.515833
6.954556,43.499167
6.891667,43.430444
6.859944,43.435417
6.854139,43.41375
6.789944,43.410389
6.752472,43.424583
6.712917,43.374972
6.714972,43.347861
6.67575,43.340389
6.671667,43.314583
6.579139,43.276222
6.664111,43.267889
6.678333,43.28125
6.697917,43.27
6.664556,43.244167
6.679556,43.201639
6.643333,43.190417
6.644944,43.170389
6.619139,43.161222
6.596639,43.187056
6.555806,43.190361
6.496667,43.15375
6.402472,43.152111
6.366278,43.136639
6.362444,43.089611
6.274167,43.123722
6.199944,43.11875
6.155389,43.086639
6.149556,43.044194
6.170444,43.035806
6.158333,43.029556
6.092889,43.030806
6.092472,43.042917
6.129583,43.049194
6.121667,43.082083
6.021667,43.080389
6.004111,43.106222
5.924111,43.102861
5.921667,43.125389
5.883722,43.104972
5.912028,43.101639
5.897472,43.080389
5.939167,43.08625
5.945806,43.067083
5.888333,43.078722
5.859139,43.047917
5.827444,43.050417
5.787861,43.071611
5.809528,43.114139
5.767444,43.117056
5.7725,43.138722
5.694972,43.144583
5.689944,43.179583
5.624111,43.187111
5.604944,43.16125
5.535,43.214556
5.499167,43.198722
5.454944,43.212889
5.451639,43.202083
5.33575,43.215361
5.374556,43.252472
5.345361,43.284139
5.373778,43.296639
5.312472,43.362111
5.220806,43.32875
5.049167,43.327056
4.986222,43.395833
5.050806,43.408722
4.983306,43.397889
4.969944,43.42625
4.933333,43.43375
4.889139,43.412917
4.895417,43.430833
4.883306,43.422056
4.858306,43.45625
4.877861,43.416667
4.864167,43.407111
4.831583,43.430444
4.857056,43.405
4.8375,43.409583
4.834583,43.395806
4.857472,43.403722
4.852861,43.391667
4.852528,43.390361
4.839472,43.377472
4.884139,43.360417
4.917028,43.3825
4.859167,43.336222
4.836583,43.374556
4.78,43.40375
4.832028,43.365833
4.843306,43.329556
4.770806,43.352028
4.660833,43.347917
4.682056,43.398306
4.642472,43.395417
4.662917,43.415
4.611667,43.457944
4.557889,43.454972
4.586222,43.449139
4.6,43.414583
4.616222,43.417444
4.62,43.358722
4.613722,43.4
4.564972,43.443722
4.499944,43.457056
4.399139,43.449583
4.392417,43.467917
4.395833,43.448778
4.176694,43.47125
4.125417,43.495833
4.131639,43.54375
4.085028,43.56125
3.975806,43.54625
3.896611,43.512083
3.786667,43.435417
3.636667,43.378778
3.509111,43.272083
3.445806,43.282917
3.453333,43.297861
3.443278,43.285389
3.369139,43.287083
3.347528,43.272056
3.334139,43.287083
3.339972,43.267056
3.299111,43.24875
3.304972,43.260389
3.242444,43.214583
3.228306,43.220444
3.24,43.212056
3.128306,43.114583
3.115833,43.121222
3.127056,43.113306
3.085,43.055444
3.082056,43.075861
3.048278,43.082917
3.054556,43.103306
3.039556,43.102472
3.025417,43.075028
3.061667,43.051222
3.079944,43.060417
3.08125,43.049139
3.056194,43.02
3.037444,42.935417
3.019528,42.950861
3.034111,42.974583
2.994528,42.959111
3.059528,42.918306
3.049528,42.871639
3.045806,42.880389
3.029917,42.854556
3.046194,42.900806
3.015778,42.893722
3.004972,42.927083
2.998278,42.872
2.951167,42.833278
2.977472,42.802028
3.025778,42.802056
3.027056,42.847472
3.047889,42.868333
3.032056,42.610778
3.038333,42.619528
3.056611,42.53625
3.140389,42.515833
3.122889,42.505778
3.130333,42.481639
3.154111,42.477028
3.1745,42.440806
3.152833,42.393306
3.163694,42.36075
3.196639,42.336222
3.229056,42.352056
3.249194,42.330417
3.264111,42.341194
3.320333,42.319944
3.286222,42.303278
3.298694,42.286583
3.277056,42.288306
3.286194,42.265806
3.253722,42.252444
3.264139,42.238694
3.227472,42.252056
3.217472,42.233694
3.158306,42.263722
3.112889,42.236611
3.114972,42.227861
3.102861,42.210806
3.124528,42.129139
3.171611,42.116194
3.212083,42.068278
3.197056,42.023278
3.179556,42.024111
3.234556,41.960806
3.203306,41.891194
3.129944,41.839583
3.103333,41.844583
3.057472,41.786222
2.9775,41.757056
2.935833,41.714556
2.832472,41.69375
2.7725,41.644556
2.552444,41.577917
2.381611,41.495389
2.273361,41.462056
2.110806,41.287083
1.929167,41.262056
1.856639,41.234528
1.666611,41.197083
1.5225,41.180389
1.395806,41.132083
1.299972,41.127917
1.237528,41.098722
1.248306,41.108722
1.215833,41.103694
1.1725,41.055444
1.128278,41.074556
0.979944,41.034556
0.865,40.948694
0.741667,40.823722
0.702056,40.806639
0.706639,40.787056
0.748333,40.765389
0.785389,40.772444
0.736667,40.792111
0.780028,40.789556
0.862056,40.722472
0.832444,40.711222
0.884917,40.722889
0.873361,40.697056
0.855833,40.685417
0.832528,40.702028
0.854944,40.682083
0.764944,40.646222
0.6675,40.559583
0.616611,40.556194
0.596222,40.576639
0.618306,40.57625
0.619139,40.58875
0.661611,40.572917
0.650778,40.587056
0.707415,40.597157
0.743306,40.637917
0.596639,40.619556
0.53875,40.566639
0.478722,40.459167
0.419528,40.401639
0.411222,40.359139
0.278694,40.2425
0.264194,40.207889
0.194556,40.174139
0.148306,40.083778
0.047056,40.029972
0,39.9325
-0.011278,39.909139
-0.087167,39.857472
-0.180444,39.74
-0.207083,39.645
-0.2175,39.654583
-0.252139,39.624972
-0.318778,39.5175
-0.316306,39.451639
-0.33,39.462083
-0.321278,39.450861
-0.341306,39.428556
-0.316139,39.351528
-0.217139,39.1875
-0.239639,39.175778
-0.231278,39.126667
-0.242139,39.130833
-0.159611,38.995
-0.075,38.915389
0,38.871194
0.092472,38.857056
0.199139,38.807028
0.184611,38.795806
0.192056,38.775
0.225806,38.766194
0.235444,38.738333
0.169972,38.712889
0.150778,38.68125
0.131611,38.687889
0.095833,38.672083
0.074611,38.646639
0.084139,38.632944
0.052472,38.643694
0.029972,38.627056
0,38.626521
-0.018389,38.626194
-0.062083,38.5825
-0.049611,38.563306
-0.097472,38.525389
-0.153361,38.53625
-0.174194,38.517083
-0.29175,38.487944
-0.375889,38.443722
-0.407111,38.396667
-0.403361,38.352917
-0.446694,38.362917
-0.504583,38.334111
-0.519611,38.297472
-0.509694,38.202528
-0.613806,38.175833
-0.637944,38.1325
-0.655444,37.985
-0.695028,37.969583
-0.719583,37.911639
-0.749639,37.897444
-0.762111,37.850833
-0.74875,37.791639
-0.777556,37.819528
-0.793333,37.812917
-0.801306,37.778306
-0.85875,37.7225
-0.799167,37.657083
-0.740861,37.633722
-0.718333,37.654556
-0.688333,37.637917
-0.7175,37.607056
-0.819222,37.574583
-0.851639,37.587083
-0.919222,37.554583
-0.961694,37.559556
-0.946306,37.570861
-0.975056,37.576222
-0.974583,37.595778
-0.9925,37.60125
-0.984583,37.584972
-1.007528,37.586222
-1.015056,37.572889
-1.073306,37.583722
-1.109194,37.569583
-1.126306,37.552472
-1.110028,37.533722
-1.167528,37.542056
-1.181722,37.566194
-1.243389,37.577083
-1.257528,37.557056
-1.328361,37.562889
-1.4,37.507056
-1.451667,37.492111
-1.478333,37.427889
-1.518361,37.432056
-1.559167,37.403722
-1.603389,37.394583
-1.650833,37.35375
-1.670861,37.355417
-1.7,37.3136057899062
-1.7,43.3862673128287
-1.66675,43.390333
-1.605056,43.430361
-1.522556,43.529556
-1.493806,43.524972
-1.522139,43.533278
-1.446278,43.647417
-1.301306,44.209972
-1.283806,44.21
-1.299639,44.214972
-1.253806,44.460861
-1.25616635063376,44.5
12.2901720825469,44.5
12.289556,44.4675
NA,NA
15.297028,43.779139
15.297028,43.779972
15.311222,43.780806
15.297028,43.779139
NA,NA
15.362889,43.760806
15.313722,43.773306
15.313722,43.774972
15.362889,43.760806
NA,NA
15.372472,43.742083
15.358694,43.749167
15.358722,43.749972
15.38375,43.756639
15.372472,43.742083
NA,NA
15.262444,43.869611
15.261583,43.852917
15.460806,43.732889
15.304139,43.800389
15.21875,43.869194
15.21875,43.870778
15.262444,43.869611
NA,NA
15.426194,43.724972
15.41125,43.726639
15.415778,43.732111
15.426194,43.724972
NA,NA
15.484528,43.722444
15.467083,43.728306
15.467083,43.730833
15.484528,43.722444
NA,NA
15.417889,43.719111
15.402861,43.725806
15.402889,43.726667
15.417889,43.719111
NA,NA
15.46375,43.715806
15.447861,43.723278
15.446667,43.728722
15.46375,43.715806
NA,NA
15.7,43.7053062126569
15.7,43.6907645506816
15.669583,43.718306
15.670778,43.719583
15.7,43.7053062126569
NA,NA
15.520389,43.686611
15.467861,43.71
15.469139,43.711194
15.520389,43.686611
NA,NA
15.693722,43.679111
15.637861,43.708333
15.637889,43.709972
15.693722,43.679111
NA,NA
15.668278,43.663722
15.7,43.6460736976059
15.7,43.6334494573533
15.656667,43.639556
15.602861,43.676667
15.602889,43.677472
15.668278,43.663722
NA,NA
7.069472,43.518306
7.030333,43.523306
7.030361,43.524972
7.069472,43.518306
NA,NA
7.054472,43.508333
7.036194,43.509167
7.036194,43.509972
7.054472,43.508333
NA,NA
4.63,43.43125
4.624583,43.439972
4.626245,43.444115
4.63,43.43125
NA,NA
9.909944,43.426194
9.895444,43.4325
9.895389,43.434139
9.917889,43.4425
9.909944,43.426194
NA,NA
4.662083,43.387472
4.662028,43.389167
4.668306,43.397083
4.662083,43.387472
NA,NA
4.657083,43.374167
4.629556,43.364139
4.629611,43.366667
4.652861,43.374167
4.640806,43.395444
4.657083,43.374167
NA,NA
4.653306,43.352889
4.634556,43.360806
4.639167,43.363722
4.653306,43.352889
NA,NA
4.612083,43.385833
4.592472,43.367056
4.643328,43.351055
4.578306,43.361194
4.562083,43.379944
4.562028,43.380806
4.603306,43.40625
4.612083,43.385833
NA,NA
5.285389,43.266639
5.285361,43.268306
5.291611,43.282944
5.322944,43.2875
5.285389,43.266639
NA,NA
5.37125,43.194972
5.354528,43.201667
5.354583,43.202472
5.37125,43.194972
NA,NA
5.397083,43.174139
5.372056,43.179972
5.373278,43.181278
5.397083,43.174139
NA,NA
5.77625,43.071667
5.777472,43.072889
5.790833,43.080417
5.77625,43.071667
NA,NA
6.469167,43.019583
6.430389,43.011611
6.430417,43.014139
6.466639,43.04875
6.507083,43.056667
6.469167,43.019583
NA,NA
6.357861,43.010833
6.357889,43.014139
6.367444,43.022083
6.357861,43.010833
NA,NA
9.850361,43.035833
9.819167,43.010389
9.798694,43.029972
9.798722,43.0325
9.807056,43.062444
9.835,43.080389
9.850361,43.035833
NA,NA
6.419583,43.016639
6.403333,42.994583
6.370806,42.999556
6.370389,43
6.382472,43.017056
6.419583,43.016639
NA,NA
6.239167,42.999528
6.24,42.999556
6.1975,42.983722
6.158722,43.004167
6.207444,43.005361
6.240778,43.031222
6.239167,42.999528
NA,NA
3.019972,42.82375
3.014528,42.8325
3.014528,42.833333
3.019972,42.82375
NA,NA
3.017861,42.814139
3.017861,42.816639
3.024944,42.824583
3.017861,42.814139
NA,NA
10.443694,42.850778
10.436194,42.778306
10.387056,42.760861
10.43375,42.735806
10.423278,42.709583
10.382444,42.717056
10.348333,42.764583
10.319972,42.762889
10.32,42.738722
10.299972,42.760389
10.288333,42.737861
10.243306,42.752028
10.238333,42.72875
10.183306,42.737917
10.157444,42.727889
10.102083,42.769167
10.102111,42.775
10.139972,42.812056
10.186611,42.814556
10.244944,42.791194
10.268722,42.806667
10.2625,42.832917
10.334167,42.820389
10.317083,42.809139
10.350833,42.800389
10.410833,42.875389
10.443694,42.850778
NA,NA
9.462889,42.985833
9.452028,42.960833
9.491222,42.806611
9.447028,42.656639
9.532861,42.545833
9.531222,42.370806
9.559556,42.285
9.553722,42.119972
9.409972,41.940389
9.399583,41.958278
9.41375,41.929972
9.395417,41.875028
9.402083,41.695
9.372889,41.68
9.389556,41.654944
9.367472,41.634556
9.347889,41.637472
9.353361,41.61625
9.304167,41.626222
9.281278,41.604139
9.291667,41.579583
9.316639,41.604556
9.367917,41.5925
9.343278,41.558722
9.273722,41.528306
9.283694,41.513306
9.267111,41.497444
9.286222,41.483333
9.274111,41.460361
9.211222,41.438306
9.227083,41.424944
9.21825,41.40375
9.263694,41.426639
9.219194,41.364556
9.1775,41.362917
9.130806,41.397917
9.092444,41.392083
9.122083,41.440833
9.096611,41.440389
9.097472,41.455389
9.068333,41.442944
9.078333,41.48125
9.039167,41.454556
9.018333,41.480417
9,41.474528
8.999972,41.474583
8.957444,41.492083
8.916667,41.488722
8.911639,41.507889
8.880806,41.502889
8.875833,41.52375
8.840833,41.516222
8.853333,41.547083
8.844972,41.538694
8.786222,41.555778
8.802083,41.574972
8.772917,41.590806
8.788722,41.628306
8.870778,41.647861
8.913361,41.690417
8.838333,41.696222
8.810806,41.712944
8.781639,41.698694
8.772472,41.740361
8.705833,41.721222
8.698333,41.740389
8.658778,41.740778
8.725389,41.770806
8.712472,41.802056
8.738333,41.797028
8.771222,41.811639
8.782861,41.829972
8.749556,41.842472
8.785778,41.847917
8.777028,41.881667
8.802861,41.894167
8.77825,41.92375
8.748278,41.93125
8.720806,41.907028
8.645,41.908722
8.607889,41.893333
8.624556,41.935028
8.590389,41.961667
8.649139,41.966194
8.671194,41.981667
8.661639,42.012028
8.747083,42.048278
8.718694,42.062472
8.698361,42.11125
8.659944,42.098722
8.610833,42.132083
8.579972,42.126194
8.584111,42.149556
8.557861,42.145806
8.591222,42.167472
8.558778,42.17
8.584528,42.179972
8.578306,42.204556
8.562083,42.2025
8.572944,42.225
8.539139,42.237056
8.692861,42.265833
8.660028,42.300389
8.599583,42.307444
8.597472,42.321222
8.626139,42.329972
8.614972,42.347083
8.551639,42.332083
8.541194,42.368306
8.605778,42.385361
8.607528,42.41625
8.657083,42.416639
8.64875,42.442472
8.680417,42.469139
8.647944,42.477472
8.668361,42.515389
8.719556,42.524944
8.704583,42.569167
8.722472,42.58375
8.726667,42.562083
8.759139,42.570389
8.776583,42.55625
8.802917,42.570833
8.799972,42.60125
8.868306,42.607917
8.878333,42.629528
8.904111,42.62625
8.928333,42.645417
8.940806,42.633722
9.014944,42.640417
9.060361,42.660806
9.057528,42.698722
9.069917,42.692083
9.12325,42.732056
9.164917,42.737028
9.201639,42.722056
9.221639,42.73625
9.256611,42.71875
9.284194,42.674528
9.299139,42.676222
9.345444,42.735778
9.34375,42.792528
9.309556,42.834139
9.340417,42.865833
9.322083,42.899167
9.361278,42.9225
9.342056,42.995806
9.362472,43.011194
9.430028,43.019556
9.462889,42.985833
NA,NA
10.102111,42.577472
10.087417,42.569556
10.044556,42.582472
10.0445,42.584972
10.070778,42.592056
10.085833,42.620389
10.102111,42.577472
NA,NA
10.904972,42.384583
10.927083,42.358306
10.919944,42.318722
10.863722,42.361639
10.863722,42.366611
10.881639,42.39125
10.904972,42.384583
NA,NA
10.330361,42.325833
10.303278,42.31625
10.287083,42.334167
10.287056,42.337472
10.313306,42.35375
10.330361,42.325833
NA,NA
11.1075,42.238722
11.090361,42.253333
11.090361,42.255861
11.112917,42.260806
11.1075,42.238722
NA,NA
15.507083,42.129167
15.507,42.130028
15.525444,42.137472
15.507083,42.129167
NA,NA
15.502917,42.118306
15.502944,42.119972
15.519583,42.126639
15.502917,42.118306
NA,NA
15.485833,42.102028
15.475444,42.110833
15.475444,42.111639
15.498778,42.119139
15.485833,42.102028
NA,NA
15.7,41.9161454850419
15.7,41.9061659906591
15.687528,41.905389
15.673694,41.916611
15.674167,41.917083
15.7,41.9161454850419
NA,NA
15.475333,41.9025
15.475361,41.905833
15.512056,41.9075
15.475333,41.9025
NA,NA
8.586194,41.874139
8.586194,41.875
8.60125,41.880778
8.586194,41.874139
NA,NA
9.272056,41.366611
9.249583,41.366667
9.249583,41.368333
9.272056,41.366611
NA,NA
9.259611,41.3325
9.247111,41.338306
9.247111,41.339167
9.256639,41.346222
9.259611,41.3325
NA,NA
9.357056,41.294139
9.330389,41.300806
9.330417,41.301667
9.337417,41.309528
9.357056,41.294139
NA,NA
9.383306,41.296222
9.357889,41.292472
9.357889,41.294139
9.378306,41.307861
9.383306,41.296222
NA,NA
9.353333,41.276194
9.332056,41.281639
9.332056,41.284167
9.356194,41.287444
9.353333,41.276194
NA,NA
9.429944,41.259583
9.435028,41.21375
9.379167,41.209528
9.370417,41.225806
9.370417,41.226667
9.397944,41.243278
9.396694,41.26125
9.409583,41.250778
9.411583,41.269583
9.429944,41.259583
NA,NA
9.162028,41.241611
9.137083,41.234167
9.137083,41.236667
9.141639,41.247083
9.162028,41.241611
NA,NA
9.277917,41.230028
9.269583,41.194167
9.284167,41.184583
9.2875,41.219583
9.299528,41.200778
9.285417,41.194139
9.309972,41.183722
9.318333,41.202861
9.334139,41.186222
9.3375,41.205361
9.3625,41.207861
9.367444,41.185389
9.420778,41.177917
9.404528,41.156639
9.428278,41.156222
9.444556,41.134139
9.440833,41.087083
9.464139,41.141222
9.517472,41.140361
9.507028,41.149944
9.525833,41.154556
9.536194,41.136667
9.52375,41.1325
9.543306,41.134583
9.53875,41.114972
9.561694,41.117889
9.570389,41.099139
9.549167,41.074611
9.537083,41.086667
9.503278,41.007083
9.558278,41.036222
9.551667,41.003722
9.574139,41.001194
9.593278,41.022028
9.665389,40.996639
9.651667,40.983722
9.608278,41.002056
9.58625,40.987444
9.594611,40.968306
9.5725,40.924528
9.533278,40.933722
9.49875,40.9175
9.545,40.909583
9.565,40.920389
9.591611,40.902889
9.621667,40.923722
9.645833,40.920389
9.619167,40.890389
9.661667,40.875389
9.67,40.849583
9.684972,40.86125
9.707444,40.842056
9.730389,40.845
9.715861,40.832111
9.689972,40.836222
9.692861,40.809139
9.663333,40.806222
9.662083,40.788306
9.675165,40.804451
9.682056,40.775
9.721222,40.749972
9.717056,40.706639
9.75375,40.680833
9.757917,40.596611
9.794528,40.570806
9.799167,40.54375
9.832028,40.528306
9.765389,40.390778
9.718278,40.377889
9.735389,40.375833
9.667056,40.318278
9.625389,40.250833
9.652917,40.148278
9.732889,40.089167
9.687806,39.98325
9.701972,39.935778
9.684917,39.948639
9.669444,39.939056
9.670722,39.925333
9.686583,39.942861
9.717861,39.927444
9.678639,39.905778
9.698667,39.852444
9.669472,39.782417
9.678639,39.711583
9.646972,39.650722
9.656167,39.552444
9.632833,39.511583
9.644472,39.444944
9.611167,39.400778
9.601167,39.34325
9.588611,39.35075
9.6345,39.297417
9.604917,39.292028
9.579472,39.258278
9.5645,39.19325
9.581139,39.175778
9.559472,39.131583
9.522778,39.117444
9.525694,39.0945
9.503694,39.10825
9.504944,39.130333
9.437444,39.121972
9.29825,39.212833
9.209889,39.225389
9.174917,39.211194
9.165722,39.183667
9.145722,39.182833
9.094889,39.212028
9.079028,39.247
9.062389,39.238639
9.047389,39.262
9.012444,39.268639
9.026139,39.251611
9.012806,39.239917
9.042833,39.233278
9.034944,39.214528
9.079083,39.232806
9.092028,39.212417
9.037417,39.172861
9.013667,39.134056
9.017833,39.085778
9.046167,39.057444
9.022861,38.985
8.998361,38.987056
8.855833,38.875389
8.804139,38.902917
8.800833,38.883722
8.779139,38.912861
8.721611,38.939528
8.718306,38.922861
8.665778,38.910361
8.67125,38.897444
8.64875,38.888278
8.658722,38.868278
8.638306,38.864556
8.645861,38.895389
8.605417,38.896611
8.617889,38.949139
8.604167,38.962083
8.585833,38.955389
8.566167,38.991639
8.581278,39.040833
8.509972,39.060361
8.508333,39.085417
8.48375,39.071639
8.495806,39.061222
8.45875,39.049944
8.451222,38.997444
8.45125,38.995
8.444944,38.967028
8.407389,38.957083
8.349556,39.074972
8.365806,39.112889
8.380806,39.099583
8.426639,39.109583
8.464111,39.058722
8.48375,39.083306
8.463361,39.118694
8.436611,39.112056
8.43625,39.155806
8.4125,39.174583
8.407472,39.160417
8.398778,39.198306
8.367861,39.211667
8.366222,39.229167
8.435389,39.290861
8.418694,39.334139
8.394083,39.337917
8.372028,39.377444
8.412944,39.431667
8.379583,39.456611
8.451222,39.545833
8.469583,39.600833
8.448778,39.631639
8.442056,39.758333
8.455806,39.770417
8.519139,39.69375
8.562472,39.692889
8.502889,39.729139
8.539583,39.770778
8.513333,39.752083
8.552056,39.829139
8.557472,39.816222
8.572861,39.823306
8.53125,39.865833
8.565444,39.8575
8.541194,39.866667
8.546639,39.884556
8.488694,39.904972
8.505833,39.918722
8.481667,39.902861
8.477472,39.915389
8.441694,39.903722
8.439111,39.890444
8.46875,39.900806
8.434111,39.857056
8.432944,39.884111
8.394556,39.907472
8.389583,39.974972
8.41375,40.016611
8.37625,40.034972
8.399167,40.051222
8.411694,40.041222
8.451667,40.050389
8.492028,40.086667
8.455361,40.174944
8.482944,40.274972
8.455028,40.319583
8.382889,40.337472
8.397917,40.4225
8.371194,40.493361
8.337861,40.500778
8.315361,40.574139
8.28875,40.594139
8.312417,40.590389
8.315417,40.606639
8.288306,40.607917
8.285778,40.59125
8.244167,40.569528
8.205,40.567889
8.202889,40.595
8.218722,40.600833
8.193306,40.617917
8.163333,40.559528
8.150417,40.579111
8.144583,40.624944
8.185389,40.64
8.204583,40.685778
8.13125,40.732444
8.157028,40.750778
8.1595,40.7925
8.187028,40.813306
8.222917,40.886639
8.176222,40.938306
8.201583,40.973722
8.238278,40.954583
8.235417,40.908361
8.319139,40.844583
8.417444,40.842028
8.459972,40.820389
8.568333,40.832917
8.711639,40.920361
8.775,40.917861
8.803333,40.930389
8.875389,40.994972
8.867417,41.016222
8.929944,41.041222
9.009972,41.122917
9.040028,41.136194
9.081583,41.126222
9.118361,41.152889
9.150833,41.152917
9.169583,41.173306
9.152889,41.193306
9.159972,41.234917
9.183333,41.24875
9.196639,41.233722
9.230806,41.259583
9.277917,41.230028
NA,NA
9.357917,41.244139
9.344139,41.227889
9.330389,41.236639
9.330389,41.237472
9.335778,41.253722
9.357917,41.244139
NA,NA
9.417444,41.187889
9.39375,41.190778
9.39375,41.191639
9.418306,41.20625
9.417444,41.187889
NA,NA
9.48625,41.216639
9.468333,41.16625
9.449944,41.191194
9.438278,41.177056
9.432056,41.189944
9.432083,41.190806
9.452889,41.2
9.44125,41.214972
9.469111,41.244556
9.48625,41.216639
NA,NA
8.348694,41.088306
8.33125,41.049139
8.278278,41.064528
8.235361,41.024167
8.25825,40.988694
8.210861,40.987861
8.210806,40.99875
8.209583,41
8.227917,41.022444
8.213694,41.024139
8.218722,41.040028
8.282861,41.074111
8.274139,41.105417
8.3025,41.10375
8.319111,41.120389
8.348694,41.088306
NA,NA
9.594583,41.073333
9.594528,41.075806
9.607861,41.079972
9.594583,41.073333
NA,NA
8.222472,40.968722
8.212083,40.979139
8.212083,40.980833
8.222472,40.968722
NA,NA
13.067111,40.968306
13.047889,40.97
13.047861,40.970806
13.067111,40.968306
NA,NA
12.862889,40.929944
12.84875,40.930833
12.85,40.932056
12.861611,40.950417
12.862889,40.929944
NA,NA
9.742472,40.909556
9.674556,40.888306
9.674556,40.889139
9.738361,40.926222
9.742472,40.909556
NA,NA
12.966194,40.917472
12.954944,40.878722
12.942056,40.899139
12.942083,40.9
12.949111,40.921222
12.994972,40.936222
12.966194,40.917472
NA,NA
9.735778,40.857889
9.712,40.867472
9.712028,40.869139
9.74625,40.869139
9.735778,40.857889
NA,NA
13.409528,40.786611
13.409556,40.788333
13.431667,40.805389
13.409528,40.786611
NA,NA
14.039556,40.764972
14.018278,40.737889
14.000333,40.745806
14.000417,40.746667
14.009944,40.768722
14.039556,40.764972
NA,NA
13.967889,40.731639
13.955833,40.700417
13.892472,40.69125
13.852028,40.709167
13.852083,40.710806
13.870778,40.761222
13.967889,40.731639
NA,NA
14.267917,40.556639
14.254972,40.542083
14.195417,40.541694
14.195417,40.5425
14.200806,40.562028
14.267917,40.556639
NA,NA
4.105028,40.045389
4.134583,40.064139
4.129139,40.027889
4.137111,40.0675
4.157472,40.069528
4.173722,40.061639
4.162028,40.035778
4.183306,40.022861
4.194972,40.034583
4.206639,39.994556
4.208333,40.014556
4.221639,39.997889
4.2695,40
4.257056,39.965806
4.282083,39.9525
4.287889,39.913306
4.328722,39.876639
4.310806,39.871222
4.296639,39.892083
4.259944,39.896278
4.307917,39.868333
4.305389,39.8325
4.278333,39.810417
4.238361,39.814583
4,39.925417
3.997472,39.925444
3.938333,39.937889
3.900833,39.922917
3.823333,39.922917
3.828722,40.000806
3.795778,40.001278
3.79125,40.014972
3.821611,40.052056
3.901667,40.060389
3.922472,40.047083
3.931639,40.06375
3.9825,40.052889
4.032472,40.06625
4.054139,40.052889
4.094139,40.090389
4.105028,40.045389
NA,NA
8.295361,39.981639
8.295417,39.9825
8.311667,39.996222
8.295361,39.981639
NA,NA
4.273694,39.957444
4.273722,39.958306
4.279111,39.968722
4.273694,39.957444
NA,NA
3.194139,39.940389
3.131694,39.927083
3.111639,39.899583
3.091639,39.911222
3.080389,39.901667
3.105778,39.858722
3.204556,39.890806
3.179167,39.840389
3.122889,39.835833
3.138306,39.780389
3.253278,39.73125
3.328333,39.760417
3.348278,39.790417
3.414139,39.752889
3.460806,39.749556
3.452056,39.724139
3.47875,39.716639
3.456222,39.705
3.457083,39.658333
3.439528,39.655
3.437028,39.635
3.406611,39.637056
3.394556,39.6225
3.384556,39.594167
3.404528,39.579944
3.379139,39.576222
3.369556,39.551639
3.334972,39.541222
3.297861,39.499944
3.27625,39.416694
3.262056,39.425833
3.231667,39.361222
3.188306,39.352028
3.172472,39.327056
3.1475,39.330417
3.065806,39.265417
3,39.317917
2.999583,39.317444
2.956583,39.362944
2.914972,39.352889
2.884972,39.366194
2.789139,39.362917
2.739556,39.414139
2.747861,39.4425
2.72375,39.478306
2.751194,39.5075
2.669972,39.562917
2.632444,39.56875
2.634139,39.544556
2.601667,39.55125
2.592528,39.532056
2.541667,39.523722
2.522472,39.45625
2.477083,39.466639
2.480444,39.491611
2.457083,39.505806
2.480389,39.518333
2.452472,39.537083
2.421639,39.522917
2.418306,39.538694
2.390833,39.521222
2.389111,39.533722
2.364972,39.531194
2.390389,39.547472
2.374167,39.543722
2.347944,39.564972
2.347889,39.594972
2.525833,39.702083
2.585806,39.717056
2.619972,39.757861
2.662528,39.772917
2.679972,39.800389
2.694167,39.792917
2.708361,39.820417
2.775,39.841222
2.777472,39.857083
2.843306,39.862917
2.950028,39.922056
2.985028,39.910389
3.043333,39.938694
3.060778,39.92125
3.094167,39.937056
3.120778,39.932917
3.164167,39.96125
3.180833,39.962889
3.179972,39.952083
3.214944,39.96375
3.194139,39.940389
NA,NA
4.297889,39.800833
4.282056,39.8025
4.282083,39.804139
4.297889,39.800833
NA,NA
2.30375,39.5725
2.303722,39.573306
2.339944,39.598694
2.30375,39.5725
NA,NA
2.956222,39.180806
2.956194,39.183333
2.973694,39.188306
2.956222,39.180806
NA,NA
2.977083,39.158333
2.956583,39.125417
2.921639,39.127917
2.91375,39.1425
2.91375,39.144972
2.917444,39.162083
2.930806,39.144583
2.931667,39.157056
2.951222,39.151667
2.948361,39.165417
2.977083,39.158333
NA,NA
8.307083,39.100806
8.253306,39.10375
8.248722,39.133306
8.218722,39.147472
8.218722,39.148333
8.230806,39.16625
8.309972,39.187917
8.307083,39.100806
NA,NA
1.558278,39.094528
1.593306,39.097861
1.609583,39.079972
1.587917,39.0625
1.621194,39.027472
1.595778,39.025389
1.579972,38.997889
1.580778,38.997889
1.533278,38.982889
1.527083,38.945833
1.475861,38.912917
1.454944,38.917111
1.453278,38.90375
1.439139,38.917056
1.438278,38.902861
1.421194,38.903306
1.403722,38.880028
1.405,38.832028
1.385806,38.842917
1.370806,38.830417
1.343306,38.871222
1.321639,38.856222
1.295806,38.877056
1.270778,38.879556
1.250778,38.857056
1.224583,38.871667
1.213722,38.904167
1.235389,38.939972
1.215417,38.959972
1.229944,38.975417
1.305028,38.972917
1.284583,38.994139
1.290389,39.029167
1.359944,39.076222
1.376667,39.064556
1.424972,39.093778
1.439972,39.082861
1.486639,39.11125
1.498333,39.100417
1.50825,39.115417
1.541639,39.117889
1.558278,39.094528
NA,NA
8.496222,39.0725
8.496222,39.074167
8.502534,39.080742
8.496222,39.0725
NA,NA
8.508722,39.060806
8.497056,39.061639
8.497028,39.062472
8.508722,39.060806
NA,NA
1.65,39.032056
1.635389,39.040806
1.635361,39.041667
1.65,39.032056
NA,NA
1.219556,38.979139
1.207028,38.981639
1.207083,38.984972
1.215833,38.995389
1.219556,38.979139
NA,NA
1.189139,38.863722
1.189139,38.86625
1.203722,38.871667
1.189139,38.863722
NA,NA
1.433694,38.7775
1.417861,38.783278
1.417917,38.787528
1.425,38.797917
1.433694,38.7775
NA,NA
15.242944,38.805
15.215861,38.77125
15.187028,38.790806
15.187028,38.791667
15.214944,38.812083
15.242944,38.805
NA,NA
1.446222,38.735833
1.472528,38.729583
1.489972,38.694583
1.529972,38.674528
1.565806,38.693694
1.583667,38.664167
1.57,38.651222
1.529139,38.652889
1.483278,38.680417
1.443278,38.685389
1.389972,38.641222
1.380444,38.692472
1.380417,38.693333
1.380389,38.720806
1.395806,38.737083
1.416639,38.722889
1.434167,38.773722
1.446222,38.735833
NA,NA
13.202111,38.711667
13.174972,38.690417
13.151222,38.7
13.151194,38.700806
13.178278,38.721194
13.202111,38.711667
NA,NA
15.078722,38.643333
15.075806,38.62875
15.053694,38.629167
15.053694,38.631667
15.059972,38.646222
15.078722,38.643333
NA,NA
14.593722,38.556667
14.555833,38.557917
14.538722,38.575
14.538694,38.580778
14.575806,38.582861
14.593722,38.556667
NA,NA
14.869167,38.58375
14.872083,38.5375
14.850833,38.534556
14.795444,38.562444
14.795444,38.566639
14.808278,38.584556
14.869167,38.58375
NA,NA
14.357472,38.530361
14.337861,38.540861
14.337889,38.544972
14.367056,38.549139
14.357472,38.530361
NA,NA
14.961222,38.493333
14.981167,38.480806
14.957889,38.476667
14.952528,38.439583
14.896222,38.485861
14.896222,38.486639
14.910806,38.518722
14.959972,38.524583
14.961222,38.493333
NA,NA
14.962444,38.412917
14.997889,38.398333
14.999528,38.369139
14.947917,38.384139
14.93625,38.404167
14.956667,38.432028
14.962444,38.412917
NA,NA
15.599167,38.276222
15.650806,38.27125
15.572889,38.2325
15.560389,38.19
15.575417,38.191639
15.495417,38.0725
15.382056,37.965833
15.306222,37.878306
15.305389,37.852444
15.251194,37.808333
15.205417,37.740833
15.219583,37.708361
15.175389,37.63
15.177917,37.575806
15.113333,37.530444
15.085417,37.486667
15.082944,37.399167
15.102917,37.315806
15.185806,37.28125
15.208333,37.292889
15.260389,37.243333
15.249194,37.230417
15.227528,37.240417
15.227444,37.215417
15.214139,37.244556
15.193306,37.237917
15.186222,37.19
15.208306,37.152889
15.234139,37.160389
15.246194,37.147472
15.222944,37.144167
15.231667,37.122889
15.297889,37.106667
15.301194,37.058278
15.28,37.065389
15.272028,37.054194
15.284167,37.034583
15.316667,37.037917
15.338722,37.004167
15.3025,37.014556
15.267917,37
15.263333,36.97375
15.210861,36.963722
15.156194,36.916639
15.140361,36.869167
15.114611,36.851667
15.096222,36.7775
15.121278,36.745028
15.133306,36.665389
15.119111,36.675417
15.079139,36.649583
15.029139,36.698694
14.999167,36.701222
14.997472,36.701222
14.957444,36.692917
14.878278,36.731222
14.784194,36.703722
14.745833,36.720417
14.701667,36.717111
14.630833,36.764528
14.495806,36.78625
14.457917,36.818306
14.440417,36.878333
14.387056,36.955
14.255806,37.06125
14.069167,37.110417
13.964944,37.108722
13.934139,37.088722
13.855806,37.111222
13.823333,37.144556
13.749972,37.148722
13.660806,37.193778
13.647472,37.223722
13.554972,37.285417
13.525833,37.277056
13.512444,37.290389
13.448306,37.295389
13.398306,37.336222
13.271667,37.38875
13.252111,37.424972
13.164139,37.494556
13.075833,37.504583
13.017528,37.495389
12.960806,37.56375
12.913361,37.577056
12.777472,37.581194
12.679167,37.558722
12.658333,37.565389
12.605778,37.639583
12.559167,37.661222
12.517444,37.657917
12.472028,37.698306
12.470417,37.741639
12.42125,37.799972
12.460417,37.819139
12.482917,37.874167
12.453694,37.907444
12.492111,37.954167
12.504556,38.012472
12.517861,38.012472
12.48875,38.018333
12.517472,38.022083
12.569972,38.070389
12.639972,38.077083
12.66,38.11375
12.705806,38.108722
12.736194,38.139972
12.713694,38.175806
12.732472,38.192083
12.738306,38.177083
12.768778,38.180833
12.80825,38.084583
12.895833,38.025417
12.973278,38.039583
13.066639,38.081222
13.072889,38.110806
13.052056,38.139139
13.070806,38.142861
13.07625,38.173333
13.107472,38.192917
13.194167,38.170417
13.243278,38.192889
13.240806,38.205389
13.273333,38.20125
13.314167,38.226278
13.329167,38.20125
13.368722,38.183333
13.377056,38.128333
13.364556,38.133306
13.383278,38.108722
13.445833,38.09625
13.490861,38.10375
13.506667,38.12125
13.536639,38.114583
13.548333,38.054583
13.648306,37.999556
13.715,37.990417
13.71,37.97875
13.825806,37.975389
13.944972,38.032083
14.019972,38.042861
14.066639,38.020417
14.120806,38.017056
14.146694,38.030389
14.313278,38.009583
14.377444,38.017889
14.43,38.042944
14.476667,38.034556
14.630028,38.072056
14.742472,38.166222
14.789139,38.153722
14.884194,38.172917
14.914167,38.193722
14.974972,38.152083
15.046667,38.152056
15.063333,38.128694
15.104167,38.122889
15.173278,38.152917
15.217028,38.190833
15.242083,38.244139
15.232444,38.272861
15.255444,38.247472
15.243722,38.215806
15.279972,38.206278
15.405028,38.234583
15.519083,38.29875
15.544972,38.302917
15.599167,38.276222
NA,NA
-0.467083,38.169167
-0.485417,38.1675
-0.485389,38.169944
-0.467083,38.169167
NA,NA
12.349139,37.997028
12.352083,37.994139
12.339139,37.983694
12.322083,37.993333
12.333306,38.022056
12.349139,37.997028
NA,NA
12.092083,37.946667
12.050833,37.953722
12.027056,37.9875
12.027056,37.989972
12.064167,37.992889
12.092083,37.946667
NA,NA
15.7,37.9456370255004
15.672472,37.95875
15.634528,38.017472
15.658722,38.038278
15.632917,38.082472
15.656194,38.137472
15.635417,38.231667
15.7,38.2460972551912
15.7,37.9456370255004
NA,NA
12.324139,37.929528
12.345806,37.937056
12.372083,37.9175
12.350806,37.902889
12.334167,37.917917
12.285028,37.914556
12.268722,37.933333
12.268694,37.934139
12.308306,37.955361
12.324139,37.929528
NA,NA
12.445806,37.842917
12.427056,37.8925
12.427028,37.894972
12.455389,37.904111
12.445806,37.842917
NA,NA
-0.764556,37.692472
-0.77625,37.696639
-0.776278,37.698306
-0.764556,37.692472
NA,NA
-0.724583,37.747444
-0.73615,37.706564
-0.720056,37.654611
-0.740444,37.659167
-0.734583,37.747472
-0.753778,37.775806
-0.753778,37.777472
-0.724583,37.747444
NA,NA
8.962917,37.527472
8.957444,37.516222
8.90125,37.519167
8.902056,37.519944
8.946639,37.542944
8.962917,37.527472
NA,NA
9.789111,37.329583
9.837528,37.340417
9.867917,37.332472
9.882111,37.272444
9.820806,37.245417
9.8275,37.23625
9.78,37.239556
9.782472,37.22375
9.811222,37.234139
9.799944,37.217917
9.764583,37.223278
9.779972,37.203722
9.788722,37.209972
9.77875,37.188333
9.807889,37.170806
9.815833,37.142917
9.869167,37.137056
9.914972,37.158694
9.936194,37.192472
9.930806,37.225417
9.822111,37.227472
9.883306,37.271222
9.985,37.248722
10.072472,37.27125
10.091611,37.242056
10.1475,37.232083
10.216639,37.187083
10.281639,37.184583
10.214166,37.145243
10.214167,37.171194
10.158333,37.167056
10.138722,37.143278
10.1575,37.127056
10.188278,37.138722
10.199944,37.117083
10.209111,37.14875
10.23875,37.1125
10.230833,37.09125
10.229139,37.109583
10.189556,37.097444
10.21125,37.103361
10.174556,37.0375
10.214139,36.973722
10.319139,36.919556
10.32375,36.893333
10.355389,36.874139
10.310806,36.807111
10.302056,36.8075
10.284556,36.792444
10.300389,36.764167
10.35,36.728722
10.431611,36.712889
10.474972,36.737861
10.484167,36.724583
10.479139,36.740389
10.55,36.770417
10.569528,36.845
10.612444,36.88375
10.695806,36.880417
10.733361,36.893722
10.911222,37.009139
10.909167,37.052111
10.974972,37.05125
11.039139,37.089583
11.077917,37.049139
11.060389,37.037472
11.061194,37.01
11.100361,36.9575
11.107889,36.901611
11.137056,36.877528
11.11875,36.833306
11.052444,36.81125
10.976222,36.730833
10.809111,36.457028
10.719167,36.440389
10.618306,36.392917
10.588361,36.402944
10.54375,36.371639
10.490389,36.270833
10.467833,36.135778
10.485389,36.055833
10.518722,36.029139
10.527181655099,36
0.109637338854879,36
0.127056,36.036639
0.141278,36.033333
0.130361,36.039139
0.202444,36.104583
0.32,36.154556
0.344972,36.19625
0.453333,36.221222
0.598333,36.286194
0.658278,36.328722
0.753333,36.33375
0.809111,36.365389
0.863361,36.369583
0.913722,36.399972
0.937472,36.447083
1.084139,36.49375
1.14,36.493778
1.194139,36.51625
1.284944,36.507917
1.360806,36.554583
1.395806,36.537028
1.459944,36.542861
1.509944,36.528722
1.523306,36.542917
1.583306,36.534556
1.654139,36.555417
1.789139,36.55875
1.912444,36.579556
2.021611,36.567028
2.348333,36.642889
2.404111,36.632056
2.410444,36.604167
2.434167,36.592889
2.558333,36.592028
2.647444,36.617917
2.720778,36.664583
2.804972,36.694528
2.842083,36.734944
2.839583,36.762472
2.879139,36.767056
2.899167,36.805417
3.014167,36.821222
3.07125,36.788333
3.063333,36.763722
3.123278,36.743694
3.168306,36.74375
3.215861,36.762917
3.236222,36.795
3.229111,36.815444
3.320833,36.787056
3.487472,36.767889
3.671639,36.837861
3.735,36.887056
3.848306,36.913722
3.855806,36.896222
3.857472,36.912056
3.895861,36.925389
3.950833,36.897889
4,36.90525
4.108278,36.891306
4.161639,36.909583
4.204889,36.893806
4.299917,36.908722
4.309222,36.895333
4.390806,36.890389
4.418333,36.895389
4.4225,36.912056
4.514111,36.884472
4.788389,36.892056
4.819972,36.871139
4.924222,36.852917
4.938333,36.833667
5.016667,36.809556
5.050778,36.78375
5.109111,36.777917
5.108722,36.760806
5.072917,36.733333
5.123333,36.687056
5.255833,36.642056
5.344139,36.641194
5.504167,36.681194
5.557889,36.72
5.571639,36.767889
5.595778,36.78375
5.644139,36.784556
5.691667,36.82125
5.772444,36.83125
5.804972,36.809556
5.944972,36.830417
5.938333,36.822917
6.208306,36.907111
6.261194,36.9425
6.240389,36.985778
6.266667,37.02625
6.339972,37.068778
6.415806,37.08625
6.488306,37.087861
6.523333,37.054556
6.550778,37.055389
6.542028,37.0325
6.571639,37.02875
6.571639,37.008722
6.585444,37.014167
6.564528,36.980806
6.595778,36.967083
6.630778,36.97375
6.639139,36.956222
6.719972,36.945389
6.749167,36.96375
6.768306,36.945389
6.849139,36.956194
6.85,36.93625
6.882889,36.9325
6.883333,36.896222
6.930806,36.882056
7.087472,36.920361
7.135778,36.909583
7.229167,36.964583
7.253722,36.988306
7.257889,37.024944
7.1725,37.082056
7.195028,37.075417
7.214139,37.088694
7.271667,37.066194
7.295,37.082111
7.349139,37.066222
7.381639,37.083722
7.407472,37.040389
7.515833,37.041222
7.564972,36.987028
7.620806,36.962056
7.66,36.979556
7.711639,36.950417
7.791639,36.970444
7.762889,36.930806
7.777083,36.908306
7.76125,36.895833
7.766222,36.875
7.818333,36.848722
7.899972,36.842917
8.045778,36.875361
8.225778,36.951194
8.271583,36.917889
8.363278,36.92375
8.430806,36.896194
8.504139,36.905333
8.610806,36.942028
8.634139,36.936222
8.709972,36.968694
8.788278,36.955361
8.928306,37.031194
8.979556,37.104139
9.029111,37.138694
9.12,37.160389
9.219139,37.239583
9.235833,37.217056
9.331639,37.230389
9.409972,37.272028
9.460778,37.263722
9.559917,37.307889
9.590806,37.297889
9.670028,37.342861
9.706667,37.336222
9.745,37.349556
9.789111,37.329583
NA,NA
10.825389,37.119972
10.791222,37.125833
10.791194,37.127472
10.805,37.14375
10.825389,37.119972
NA,NA
8.295389,36.972472
8.295361,36.974972
8.312056,36.974972
8.295389,36.972472
NA,NA
11.99,36.822083
12,36.822028
12.014111,36.825361
12.055306,36.792444
12.053722,36.754139
12.02575,36.732833
11.981611,36.743722
11.927083,36.801667
11.944972,36.83625
11.99,36.822083
NA,NA
15.143722,36.685
15.143722,36.686667
15.155389,36.689167
15.143722,36.685
NA,NA
14.311583,36.05875
14.336222,36.030778
14.262472,36.010389
14.219111,36.020417
14.185361,36.035
14.182889,36.069167
14.182861,36.071694
14.252528,36.080389
14.311583,36.05875
NA,NA
14.352056,36.009167
14.324972,36.00375
14.322083,36.018333
14.323278,36.019556
14.352056,36.009167
NA,NA
